TGME49_207210,10,1,1,1,1,1
TGME49_259020,10,1,1,1,1,1
TGME49_264660,10,1,1,1,1,1
TGME49_209755,10,1,1,1,1,1
TGME49_253330,10,1,1,1,1,1
TGME49_278080,10,1,1,1,1,1
TGME49_318750,10,1,1,1,1,1
TGME49_207160,10,1,1,1,1,1
TGME49_280580,10,1,1,1,1,1
TGME49_271320,10,1,1,1,1,1
TGME49_203290,10,1,1,1,1,1
TGME49_261650,10,1,1,1,1,1
TGME49_208730,10,1,1,1,1,1
TGME49_252640,10,1,1,1,1,1
TGME49_316510,10,1,1,1,1,1
TGME49_295360,10,1,1,1,1,1
TGME49_234370,10,1,1,1,1,1
TGME49_240930,10,1,1,1,1,1
TGME49_270240,10,1,1,1,1,1
TGME49_207350,10,1,1,1,1,1
TGME49_286000,10,1,1,1,1,1
TGME49_221840,10,1,1,1,1,1
TGME49_293810,10,1,1,1,1,1
TGME49_268860,10,1,1,1,1,1
TGME49_278882,1,10,1,1,1,1
TGME49_287040,1,10,1,1,1,1
TGME49_203682,1,10,1,1,1,1
TGME49_289370,1,10,1,1,1,1
TGME49_203685,1,10,1,1,1,1
TGME49_200250,1,10,1,1,1,1
TGME49_219742,1,10,1,1,1,1
TGME49_267680,1,10,1,1,1,1
TGME49_238440,1,10,1,1,1,1
TGME49_306270,1,10,1,1,1,1
TGME49_295662,1,10,1,1,1,1
TGME49_205680,1,10,1,1,1,1
TGME49_294330,1,10,1,1,1,1
TGME49_215360,1,10,1,1,1,1
TGME49_255460,1,10,1,1,1,1
TGME49_320260,1,10,1,1,1,1
TGME49_319560,1,10,1,1,1,1
TGME49_200270,1,10,1,1,1,1
TGME49_260190,1,10,1,1,1,1
TGME49_247400,1,10,1,1,1,1
TGME49_300130,1,10,1,1,1,1
TGME49_200240,1,10,1,1,1,1
TGME49_228490,1,10,1,1,1,1
TGME49_217530,1,10,1,1,1,1
TGME49_209180,1,10,1,1,1,1
TGME49_243930,1,10,1,1,1,1
TGME49_208450,1,10,1,1,1,1
TGME49_304490,1,10,1,1,1,1
TGME49_310390,1,10,1,1,1,1
TGME49_213460,1,10,1,1,1,1
TGME49_270250,1,10,1,1,1,1
TGME49_276200,1,10,1,1,1,1
TGME49_203310,1,10,1,1,1,1
TGME49_280470,1,10,1,1,1,1
TGME49_239890,1,10,1,1,1,1
TGME49_269310,1,10,1,1,1,1
TGME49_238850,1,10,1,1,1,1
TGME49_288650,1,10,1,1,1,1
TGME49_272520,1,10,1,1,1,1
TGME49_304500,1,10,1,1,1,1
TGME49_288010,1,10,1,1,1,1
TGME49_226020,1,10,1,1,1,1
TGME49_238210,1,10,1,1,1,1
TGME49_308020,1,10,1,1,1,1
TGME49_285850,1,10,1,1,1,1
TGME49_251170,1,10,1,1,1,1
TGME49_268980,1,10,1,1,1,1
TGME49_314000,1,10,1,1,1,1
TGME49_225790,1,10,1,1,1,1
TGME49_232035,1,10,1,1,1,1
TGME49_276930,1,10,1,1,1,1
TGME49_297400,1,10,1,1,1,1
TGME49_216820,1,10,1,1,1,1
TGME49_205170,1,10,1,1,1,1
TGME49_229930,1,10,1,1,1,1
TGME49_288000,1,10,1,1,1,1
TGME49_232030,1,10,1,1,1,1
TGME49_224630,1,10,1,1,1,1
TGME49_309990,1,10,1,1,1,1
TGME49_291880,1,10,1,1,1,1
TGME49_206510,1,10,1,1,1,1
TGME49_202930,1,10,1,1,1,1
TGME49_204530,1,10,1,1,1,1
TGME49_293770,1,10,1,1,1,1
TGME49_201390,1,10,1,1,1,1
TGME49_205210,1,10,1,1,1,1
TGME49_282210,1,10,1,1,1,1
TGME49_205480,1,10,1,1,1,1
TGME49_246550,1,10,1,1,1,1
TGME49_310420,1,10,1,1,1,1
TGME49_215910,1,10,1,1,1,1
TGME49_250710,1,1,10,1,1,1
TGME49_208030,1,1,10,1,1,1
TGME49_257970,1,1,10,1,1,1
TGME49_291890,1,1,10,1,1,1
TGME49_230160,1,1,10,1,1,1
TGME49_283540,1,1,10,1,1,1
TGME49_202620,1,1,10,1,1,1
TGME49_204130,1,1,10,1,1,1
TGME49_214940,1,1,10,1,1,1
TGME49_299780,1,1,10,1,1,1
TGME49_211630,1,1,10,1,1,1
TGME49_205050,1,1,10,1,1,1
TGME49_253820,1,1,10,1,1,1
TGME49_258870,1,1,10,1,1,1
TGME49_253690,1,1,10,1,1,1
TGME49_254470,1,1,10,1,1,1
TGME49_289630,1,1,10,1,1,1
TGME49_207930,1,1,10,1,1,1
TGME49_221180,1,1,10,1,1,1
TGME49_270700,1,1,10,1,1,1
TGME49_294200,1,1,10,1,1,1
TGME49_286450,1,1,10,1,1,1
TGME49_226380,1,1,10,1,1,1
TGME49_219610,1,1,10,1,1,1
TGME49_201780,1,1,10,1,1,1
TGME49_207750,1,1,10,1,1,1
TGME49_275440,1,1,10,1,1,1
TGME49_203060,1,1,10,1,1,1
TGME49_262400,1,1,10,1,1,1
TGME49_308060,1,1,10,1,1,1
TGME49_272380,1,1,10,1,1,1
TGME49_288840,1,1,10,1,1,1
TGME49_316250,1,1,10,1,1,1
TGME49_249030,1,1,10,1,1,1
TGME49_225170,1,1,10,1,1,1
TGME49_226860,1,1,10,1,1,1
TGME49_295960,1,1,10,1,1,1
TGME49_309760,1,1,10,1,1,1
TGME49_267130,1,1,10,1,1,1
TGME49_232670,1,1,10,1,1,1
TGME49_275460,1,1,10,1,1,1
TGME49_244260,1,1,10,1,1,1
TGME49_315320,1,1,10,1,1,1
TGME49_292100,1,1,10,1,1,1
TGME49_314695,1,1,10,1,1,1
TGME49_261780,1,1,10,1,1,1
TGME49_259880,1,1,10,1,1,1
TGME49_277260,1,1,10,1,1,1
TGME49_214980,1,1,10,1,1,1
TGME49_208370,1,1,10,1,1,1
TGME49_262970,1,1,10,1,1,1
TGME49_245490,1,1,10,1,1,1
TGME49_265790,1,1,10,1,1,1
TGME49_278365,1,1,1,10,1,1
TGME49_239530,1,1,1,10,1,1
TGME49_235150,1,1,1,10,1,1
TGME49_212770,1,1,1,10,1,1
TGME49_262710,1,1,1,10,1,1
TGME49_294640,1,1,1,10,1,1
TGME49_273130,1,1,1,10,1,1
TGME49_286590,1,1,1,10,1,1
TGME49_221620,1,1,1,10,1,1
TGME49_243200,1,1,1,10,1,1
TGME49_227650,1,1,1,10,1,1
TGME49_266300,1,1,1,10,1,1
TGME49_251740,1,1,1,10,1,1
TGME49_242380,1,1,1,10,1,1
TGME49_236950,1,1,1,10,1,1
TGME49_248445,1,1,1,10,1,1
TGME49_225410,1,1,1,10,1,1
TGME49_224000,1,1,1,10,1,1
TGME49_237200,1,1,1,10,1,1
TGME49_290200,1,1,1,10,1,1
TGME49_237880,1,1,1,10,1,1
TGME49_320740,1,1,1,10,1,1
TGME49_294610,1,1,1,10,1,1
TGME49_261950,1,1,1,10,1,1
TGME49_289720,1,1,1,10,1,1
TGME49_225690,1,1,1,10,1,1
TGME49_220610,1,1,1,10,1,1
TGME49_235370,1,1,1,10,1,1
TGME49_227430,1,1,1,10,1,1
TGME49_271260,1,1,1,10,1,1
TGME49_249720,1,1,1,10,1,1
TGME49_297710,1,1,1,10,1,1
TGME49_318430,1,1,1,10,1,1
TGME49_234190,1,1,1,10,1,1
TGME49_230520,1,1,1,10,1,1
TGME49_226570,1,1,1,10,1,1
TGME49_207840,1,1,1,10,1,1
TGME49_260500,1,1,1,10,1,1
TGME49_246540,1,1,1,10,1,1
TGME49_248310,1,1,1,10,1,1
TGME49_206690,1,1,1,10,1,1
TGME49_297120,1,1,1,10,1,1
TGME49_232350,1,1,1,10,1,1
TGME49_293240,1,1,1,10,1,1
TGME49_214970,1,1,1,10,1,1
TGME49_262500,1,1,1,10,1,1
TGME49_244500,1,1,1,10,1,1
TGME49_253880,1,1,1,10,1,1
TGME49_321400,1,1,1,10,1,1
TGME49_201810,1,1,1,10,1,1
TGME49_223590,1,1,1,10,1,1
TGME49_251560,1,1,1,10,1,1
TGME49_255700,1,1,1,10,1,1
TGME49_207150,1,1,1,10,1,1
TGME49_263520,1,1,1,10,1,1
TGME49_266960,1,1,1,10,1,1
TGME49_313780,1,1,1,10,1,1
TGME49_207060,1,1,1,10,1,1
TGME49_219100,1,1,1,10,1,1
TGME49_288540,1,1,1,10,1,1
TGME49_300200,1,1,1,10,1,1
TGME49_227030,1,1,1,10,1,1
TGME49_225720,1,1,1,10,1,1
TGME49_313790,1,1,1,10,1,1
TGME49_202510,1,1,1,10,1,1
TGME49_224960,1,1,1,10,1,1
TGME49_205690,1,1,1,10,1,1
TGME49_204880,1,1,1,10,1,1
TGME49_243920,1,1,1,10,1,1
TGME49_223000,1,1,1,10,1,1
TGME49_312940,1,1,1,10,1,1
TGME49_275670,1,1,1,10,1,1
TGME49_221990,1,1,1,10,1,1
TGME49_211030,1,1,1,10,1,1
TGME49_276220,1,1,1,10,1,1
TGME49_227970,1,1,1,10,1,1
TGME49_223010,1,1,1,10,1,1
TGME49_212310,1,1,1,10,1,1
TGME49_246580,1,1,1,10,1,1
TGME49_226680,1,1,1,10,1,1
TGME49_231410,1,1,1,10,1,1
TGME49_308860,1,1,1,10,1,1
TGME49_213920,1,1,1,10,1,1
TGME49_246930,1,1,1,10,1,1
TGME49_236570,1,1,1,10,1,1
TGME49_257680,1,1,1,10,1,1
TGME49_314400,1,1,1,10,1,1
TGME49_271970,1,1,1,10,1,1
TGME49_286650,1,1,1,10,1,1
TGME49_219700,1,1,1,10,1,1
TGME49_226030,1,1,1,10,1,1
TGME49_269950,1,1,1,10,1,1
TGME49_250340,1,1,1,10,1,1
TGME49_316400,1,1,1,10,1,1
TGME49_305330,1,1,1,10,1,1
TGME49_273050,1,1,1,10,1,1
TGME49_315500,1,1,1,10,1,1
TGME49_226410,1,1,1,10,1,1
TGME49_255510,1,1,1,10,1,1
TGME49_254800,1,1,1,10,1,1
TGME49_255660,1,1,1,10,1,1
TGME49_257520,1,1,1,10,1,1
TGME49_231850,1,1,1,10,1,1
TGME49_219270,1,1,1,10,1,1
TGME49_248520,1,1,1,10,1,1
TGME49_238100,1,1,1,10,1,1
TGME49_205640,1,1,1,10,1,1
TGME49_300270,1,1,1,10,1,1
TGME49_287210,1,1,1,10,1,1
TGME49_310070,1,1,1,10,1,1
TGME49_295650,1,1,1,10,1,1
TGME49_247460,1,1,1,10,1,1
TGME49_248340,1,1,1,10,1,1
TGME49_230480,1,1,1,10,1,1
TGME49_279390,1,1,1,10,1,1
TGME49_279400,1,1,1,10,1,1
TGME49_214770,1,1,1,10,1,1
TGME49_290620,1,1,1,10,1,1
TGME49_265420,1,1,1,10,1,1
TGME49_220370,1,1,1,10,1,1
TGME49_244670,1,1,1,10,1,1
TGME49_264080,1,1,1,10,1,1
TGME49_310930,1,1,1,10,1,1
TGME49_246330,1,1,1,10,1,1
TGME49_291900,1,1,1,10,1,1
TGME49_253410,1,1,1,10,1,1
TGME49_215530,1,1,1,10,1,1
TGME49_285510,1,1,1,10,1,1
TGME49_294050,1,1,1,10,1,1
TGME49_310810,1,1,1,10,1,1
TGME49_208780,1,1,1,10,1,1
TGME49_295630,1,1,1,10,1,1
TGME49_225050,1,1,1,10,1,1
TGME49_202450,1,1,1,10,1,1
TGME49_266460,1,1,1,10,1,1
TGME49_293340,1,1,1,10,1,1
TGME49_226000,1,1,1,10,1,1
TGME49_205700,1,1,1,10,1,1
TGME49_314090,1,1,1,10,1,1
TGME49_209700,1,1,1,10,1,1
TGME49_214270,1,1,1,10,1,1
TGME49_248700,1,1,1,10,1,1
TGME49_314070,1,1,1,10,1,1
TGME49_227150,1,1,1,10,1,1
TGME49_280670,1,1,1,10,1,1
TGME49_269840,1,1,1,10,1,1
TGME49_293300,1,1,1,10,1,1
TGME49_301420,1,1,1,10,1,1
TGME49_211040,1,1,1,10,1,1
TGME49_289740,1,1,1,10,1,1
TGME49_312622,1,1,1,10,1,1
TGME49_321480,1,1,1,10,1,1
TGME49_202390,1,1,1,10,1,1
TGME49_219170,1,1,1,10,1,1
TGME49_226430,1,1,1,10,1,1
TGME49_267440,1,1,1,10,1,1
TGME49_316540,1,1,1,10,1,1
TGME49_299970,1,1,1,10,1,1
TGME49_215010,1,1,1,10,1,1
TGME49_222050,1,1,1,10,1,1
TGME49_313380,1,1,1,10,1,1
TGME49_307830,1,1,1,10,1,1
TGME49_305120,1,1,1,10,1,1
TGME49_231140,1,1,1,10,1,1
TGME49_286420,1,1,1,10,1,1
TGME49_289810,1,1,1,10,1,1
TGME49_250820,1,1,1,10,1,1
TGME49_242650,1,1,1,10,1,1
TGME49_290600,1,1,1,10,1,1
TGME49_285680,1,1,1,10,1,1
TGME49_257370,1,1,1,10,1,1
TGME49_232440,1,1,1,10,1,1
TGME49_316340,1,1,1,10,1,1
TGME49_209900,1,1,1,10,1,1
TGME49_277000,1,1,1,10,1,1
TGME49_254030,1,1,1,10,1,1
TGME49_230380,1,1,1,10,1,1
TGME49_216450,1,1,1,10,1,1
TGME49_225500,1,1,1,10,1,1
TGME49_253710,1,1,1,10,1,1
TGME49_320220,1,1,1,10,1,1
TGME49_246950,1,1,1,10,1,1
TGME49_311310,1,1,1,10,1,1
TGME49_313600,1,1,1,10,1,1
TGME49_218280,1,1,1,10,1,1
TGME49_276140,1,1,1,10,1,1
TGME49_273060,1,1,1,10,1,1
TGME49_233140,1,1,1,10,1,1
TGME49_221210,1,1,1,10,1,1
TGME49_295310,1,1,1,10,1,1
TGME49_290005,1,1,1,10,1,1
TGME49_317720,1,1,1,10,1,1
TGME49_249180,1,1,1,10,1,1
TGME49_213067,1,1,1,10,1,1
TGME49_236910,1,1,1,10,1,1
TGME49_292140,1,1,1,10,1,1
TGME49_268680,1,1,1,10,1,1
TGME49_261010,1,1,1,10,1,1
TGME49_270890,1,1,1,10,1,1
TGME49_230210,1,1,1,10,1,1
TGME49_218530,1,1,1,10,1,1
TGME49_232650,1,1,1,10,1,1
TGME49_211850,1,1,1,10,1,1
TGME49_207680,1,1,1,10,1,1
TGME49_240690,1,1,1,10,1,1
TGME49_318160,1,1,1,10,1,1
TGME49_212780,1,1,1,10,1,1
TGME49_253470,1,1,1,10,1,1
TGME49_313570,1,1,1,10,1,1
TGME49_241000,1,1,1,10,1,1
TGME49_200320,1,1,1,10,1,1
TGME49_293180,1,1,1,10,1,1
TGME49_203700,1,1,1,10,1,1
TGME49_232550,1,1,1,10,1,1
TGME49_209150,1,1,1,10,1,1
TGME49_218780,1,1,1,10,1,1
TGME49_254080,1,1,1,10,1,1
TGME49_222920,1,1,1,10,1,1
TGME49_247000,1,1,1,10,1,1
TGME49_279340,1,1,1,10,1,1
TGME49_250830,1,1,1,10,1,1
TGME49_229950,1,1,1,10,1,1
TGME49_239330,1,1,1,10,1,1
TGME49_281480,1,1,1,10,1,1
TGME49_214350,1,1,1,10,1,1
TGME49_249850,1,1,1,10,1,1
TGME49_218920,1,1,1,10,1,1
TGME49_226340,1,1,1,10,1,1
TGME49_252310,1,1,1,10,1,1
TGME49_280710,1,1,1,10,1,1
TGME49_224520,1,1,1,10,1,1
TGME49_243910,1,1,1,10,1,1
TGME49_238050,1,1,1,10,1,1
TGME49_258060,1,1,1,10,1,1
TGME49_214560,1,1,1,10,1,1
TGME49_305090,1,1,1,10,1,1
TGME49_224340,1,1,1,10,1,1
TGME49_220930,1,1,1,10,1,1
TGME49_288750,1,1,1,10,1,1
TGME49_258780,1,1,1,10,1,1
TGME49_203510,1,1,1,10,1,1
TGME49_285240,1,1,1,10,1,1
TGME49_294290,1,1,1,10,1,1
TGME49_309740,1,1,1,10,1,1
TGME49_277740,1,1,1,10,1,1
TGME49_239820,1,1,1,10,1,1
TGME49_256050,1,1,1,10,1,1
TGME49_216730,1,1,1,10,1,1
TGME49_247510,1,1,1,10,1,1
TGME49_209095,1,1,1,10,1,1
TGME49_261720,1,1,1,10,1,1
TGME49_224060,1,1,1,10,1,1
TGME49_247040,1,1,1,10,1,1
TGME49_275680,1,1,1,10,1,1
TGME49_203150,1,1,1,10,1,1
TGME49_266470,1,1,1,10,1,1
TGME49_236850,1,1,1,10,1,1
TGME49_218910,1,1,1,10,1,1
TGME49_230850,1,1,1,10,1,1
TGME49_321590,1,1,1,10,1,1
TGME49_267300,1,1,1,10,1,1
TGME49_264990,1,1,1,10,1,1
TGME49_258230,1,1,1,10,1,1
TGME49_243950,1,1,1,10,1,1
TGME49_272900,1,1,1,10,1,1
TGME49_224530,1,1,1,10,1,1
TGME49_240570,1,1,1,10,1,1
TGME49_270520,1,1,1,10,1,1
TGME49_218850,1,1,1,10,1,1
TGME49_263300,1,1,1,10,1,1
TGME49_203710,1,1,1,10,1,1
TGME49_309752,1,1,1,10,1,1
TGME49_308050,1,1,1,10,1,1
TGME49_266675,1,1,1,10,1,1
TGME49_280750,1,1,1,10,1,1
TGME49_214250,1,1,1,10,1,1
TGME49_218240,1,1,1,10,1,1
TGME49_294230,1,1,1,10,1,1
TGME49_263090,1,1,1,10,1,1
TGME49_219860,1,1,1,10,1,1
TGME49_256000,1,1,1,10,1,1
TGME49_297500,1,1,1,10,1,1
TGME49_254606,1,1,1,10,1,1
TGME49_228400,1,1,1,10,1,1
TGME49_320515,1,1,1,10,1,1
TGME49_267370,1,1,1,10,1,1
TGME49_310180,1,1,1,10,1,1
TGME49_306400,1,1,1,10,1,1
TGME49_233695,1,1,1,10,1,1
TGME49_253700,1,1,1,10,1,1
TGME49_315270,1,1,1,10,1,1
TGME49_286720,1,1,1,10,1,1
TGME49_254520,1,1,1,10,1,1
TGME49_202820,1,1,1,10,1,1
TGME49_305160,1,1,1,10,1,1
TGME49_240950,1,1,1,10,1,1
TGME49_249380,1,1,1,10,1,1
TGME49_218410,1,1,1,10,1,1
TGME49_245450,1,1,1,10,1,1
TGME49_289990,1,1,1,10,1,1
TGME49_201700,1,1,1,10,1,1
TGME49_225555,1,1,1,10,1,1
TGME49_263630,1,1,1,10,1,1
TGME49_245640,1,1,1,10,1,1
TGME49_293170,1,1,1,10,1,1
TGME49_278850,1,1,1,10,1,1
TGME49_269980,1,1,1,10,1,1
TGME49_226730,1,1,1,10,1,1
TGME49_248600,1,1,1,10,1,1
TGME49_247350,1,1,1,10,1,1
TGME49_215520,1,1,1,10,1,1
TGME49_318340,1,1,1,10,1,1
TGME49_242290,1,1,1,10,1,1
TGME49_269425,1,1,1,10,1,1
TGME49_300190,1,1,1,10,1,1
TGME49_248490,1,1,1,10,1,1
TGME49_246490,1,1,1,10,1,1
TGME49_209420,1,1,1,10,1,1
TGME49_249590,1,1,1,10,1,1
TGME49_233350,1,1,1,10,1,1
TGME49_265370,1,1,1,10,1,1
TGME49_213030,1,1,1,10,1,1
TGME49_278990,1,1,1,10,1,1
TGME49_222280,1,1,1,10,1,1
TGME49_239490,1,1,1,10,1,1
TGME49_256030,1,1,1,10,1,1
TGME49_265450,1,1,1,10,1,1
TGME49_226050,1,1,1,10,1,1
TGME49_280740,1,1,1,10,1,1
TGME49_315340,1,1,1,10,1,1
TGME49_246560,1,1,1,10,1,1
TGME49_295110,1,1,1,1,10,1
TGME49_309590,1,1,1,1,10,1
TGME49_215775,1,1,1,1,10,1
TGME49_295105,1,1,1,1,10,1
TGME49_247520,1,1,1,1,10,1
TGME49_306455,1,1,1,1,10,1
TGME49_217520,1,1,1,1,10,1
TGME49_315490,1,1,1,1,10,1
TGME49_258660,1,1,1,1,10,1
TGME49_201860,1,1,1,1,10,1
TGME49_295125,1,1,1,1,10,1
TGME49_282055,1,1,1,1,10,1
TGME49_297070,1,1,1,1,10,1
TGME49_311470,1,1,1,1,10,1
TGME49_210420,1,1,1,1,10,1
TGME49_291960,1,1,1,1,10,1
TGME49_210820,1,1,1,1,10,1
TGME49_294790,1,1,1,1,10,1
TGME49_210370,1,1,1,1,10,1
TGME49_315210,1,1,1,1,10,1
TGME49_315495,1,1,1,1,10,1
TGME49_261740,1,1,1,1,10,1
TGME49_300100,1,1,1,1,10,1
TGME49_308075,1,1,1,1,10,1
TGME49_244250,1,1,1,1,10,1
TGME49_306060,1,1,1,1,10,1
TGME49_202200,1,1,1,1,10,1
TGME49_237180,1,1,1,1,10,1
TGME49_252200,1,1,1,1,10,1
TGME49_205250,1,1,1,1,10,1
TGME49_297960,1,1,1,1,10,1
TGME49_268760,1,1,1,1,10,1
TGME49_310010,1,1,1,1,10,1
TGME49_269340,1,1,1,1,10,1
TGME49_225150,1,1,1,1,10,1
TGME49_211290,1,1,1,1,10,1
TGME49_246710,1,1,1,1,10,1
TGME49_316260,1,1,1,1,10,1
TGME49_208910,1,1,1,1,10,1
TGME49_305270,1,1,1,1,10,1
TGME49_244080,1,1,1,1,10,1
TGME49_305250,1,1,1,1,10,1
TGME49_215785,1,1,1,1,10,1
TGME49_277720,1,1,1,1,10,1
TGME49_315220,1,1,1,1,10,1
TGME49_296015,1,1,1,1,10,1
TGME49_271270,1,1,1,1,10,1
TGME49_214080,1,1,1,1,10,1
TGME49_245540,1,1,1,1,10,1
TGME49_225200,1,1,1,1,10,1
TGME49_258360,1,1,1,1,10,1
TGME49_249340,1,1,1,1,10,1
TGME49_321650,1,1,1,1,10,1
TGME49_225320,1,1,1,1,10,1
TGME49_269885,1,1,1,1,10,1
TGME49_261750,1,1,1,1,10,1
TGME49_278510,1,1,1,1,10,1
TGME49_237090,1,1,1,1,10,1
TGME49_283810,1,1,1,1,10,1
TGME49_201850,1,1,1,1,10,1
TGME49_293720,1,1,1,1,10,1
TGME49_264150,1,1,1,1,10,1
TGME49_305590,1,1,1,1,10,1
TGME49_239020,1,1,1,1,10,1
TGME49_312270,1,1,1,1,10,1
TGME49_310235,1,1,1,1,10,1
TGME49_254880,1,1,1,1,10,1
TGME49_229010,1,1,1,1,10,1
TGME49_316280,1,1,1,1,10,1
TGME49_295620,1,1,1,1,10,1
TGME49_293540,1,1,1,1,10,1
TGME49_279420,1,1,1,1,10,1
TGME49_280480,1,1,1,1,10,1
TGME49_268880,1,1,1,1,10,1
TGME49_217900,1,1,1,1,10,1
TGME49_235130,1,1,1,1,10,1
TGME49_203930,1,1,1,1,10,1
TGME49_308096,1,1,1,1,1,10
TGME49_321700,1,1,1,1,1,10
TGME49_209985,1,1,1,1,1,10
TGME49_308093,1,1,1,1,1,10
TGME49_312950,1,1,1,1,1,10
TGME49_258370,1,1,1,1,1,10
TGME49_294400,1,1,1,1,1,10
TGME49_318525,1,1,1,1,1,10
TGME49_225105,1,1,1,1,1,10
TGME49_214070,1,1,1,1,1,10
TGME49_247960,1,1,1,1,1,10
TGME49_252360,1,1,1,1,1,10
TGME49_253370,1,1,1,1,1,10
TGME49_299060,1,1,1,1,1,10
TGME49_267980,1,1,1,1,1,10
TGME49_234540,1,1,1,1,1,10
TGME49_209170,1,1,1,1,1,10
TGME49_318470,1,1,1,1,1,10
TGME49_308090,1,1,1,1,1,10
TGME49_254340,1,1,1,1,1,10
TGME49_276210,1,1,1,1,1,10
TGME49_310240,1,1,1,1,1,10
TGME49_246720,1,1,1,1,1,10
TGME49_218188,1,1,1,1,1,10
TGME49_290000,1,1,1,1,1,10
TGME49_297870,1,1,1,1,1,10
TGME49_202420,1,1,1,1,1,10
TGME49_262933,1,1,1,1,1,10
TGME49_287970,1,1,1,1,1,10
TGME49_216460,1,1,1,1,1,10
TGME49_265650,1,1,1,1,1,10
TGME49_306895,1,1,1,1,1,10
TGME49_306450,1,1,1,1,1,10
TGME49_238895,1,1,1,1,1,10
TGME49_268870,1,1,1,1,1,10
TGME49_278920,1,1,1,1,1,10
TGME49_298010,1,1,1,1,1,10
TGME49_225860,1,1,1,1,1,10
TGME49_237170,1,1,1,1,1,10
TGME49_262950,1,1,1,1,1,10
TGME49_257670,1,1,1,1,1,10
TGME49_241180,1,1,1,1,1,10
TGME49_244470,1,1,1,1,1,10
TGME49_223790,1,1,1,1,1,10
